<?xml version="1.0" encoding="UTF-8"?>
<c3p0-config>
	<default-config>
      <property name="user">Laiickes</property>
      <property name="password">Shuzhi9911</property>
      <property name="jdbcUrl">jdbc:mysql:///webwork</property>
      <property name="driverClass">com.mysql.cj.jdbc.Driver</property>
 
      <property name="acquireIncrement">2</property>
      <property name="initialPoolSize">5</property>
      <property name="minPoolSize">5</property>
      <property name="maxPoolSize">20</property>
 
      <property name="maxStatements">20</property>
      <property name="maxStatementsPerConnection">5</property>
	</default-config>
</c3p0-config>